"FareType","originX","originY","destX","destY","MaxWait","MaxCost"
"normal",0,0,27,27,46.60089022477625,97.4100929591881
"FareType","originX","originY","destX","destY","MaxWait","MaxCost"
"budget",24,24,20,0,274.3251639502736,486.62100242385753
"default",22,17,3,10,219.67145358419648,100
"default",30,27,24,25,82.71586482071584,30
"rich",10,10,16,39,35.0560656959097,2.7434720519086877
"rich",20,20,25,24,40.343043754850626,2.6869338051594704
"budget",40,30,20,0,401.1308030281251,721.1102550927978
"default",8,10,15,44,353.0310895181421,170
"default",21,21,23,16,63.65277358115681,30
"default",16,24,23,40,199.25939827656623,90
"default",40,31,10,25,309.5524406699769,150
"default",24,32,21,24,105.52917230558937,40
"default",11,24,30,21,198.87135692656088,100
"default",9,41,30,24,274.8535851222367,140
"normal",15,49,26,24,44.57419947329736,199.62134417036748
"default",10,25,40,35,320.153740443509,160
"default",47,15,0,35,529.9737014915777,260
"default",40,6,15,46,477.03949011953836,240
"rich",20,20,40,17,39.84992799439068,8.00035554751185
"default",16,10,15,42,337.029752366119,160
"default",26,26,45,30,197.71223439929298,100
"default",25,25,43,43,262.1028833338738,130
"default",20,7,1,48,461.0132373099133,230
"default",30,20,22,12,126.76387894398367,60
"default",27,24,24,16,103.75674443186325,40
"default",10,37,28,17,274.12232006016706,130
"default",26,37,43,30,184.87953249263333,90
"default",40,37,26,40,149.23149021134125,70
"default",23,36,30,23,152.58096943704692,70
"normal",15,40,24,27,32.44274626920674,16.317858762519393
"default",30,47,20,13,362.76554033992755,180
"default",35,15,32,15,31.413895843322308,20
"default",35,40,24,25,196.36560977246072,90
"default",28,38,40,15,264.06562114345434,130
"default",20,19,20,7,129.36075826423465,60
"default",29,31,40,3,307.81130147319647,150
"default",30,25,10,14,231.20775411004445,110
"hurry",30,24,20,0,18.489706406818637,50
"normal",15,40,24,23,24.64654387398172,64.51248644665598
"default",24,31,33,15,192.61044211614805,90
"budget",40,15,20,0,315.6471272336563,500.0
"default",14,24,2,2,254.69567800864144,130
"default",10,39,27,24,239.809088162472,110
"default",40,4,14,24,347.6483692207738,160
"default",22,32,40,24,201.8326121951437,100
"default",21,24,10,14,158.72076037320966,70
"default",20,29,35,23,167.81481605051633,80
"default",41,41,4,4,538.5653719072034,260
"default",10,29,40,0,425.05092975852114,210
"default",9,41,8,35,62.64949060788892,30
"normal",15,40,25,23,42.96473800399761,21.95684141427332
"default",20,25,10,36,153.54782081036612,70
"default",17,24,19,31,86.96186730965377,40
"default",20,2,24,31,304.3316335164327,150
"default",16,40,30,19,278.2949878481109,130
"opportune",10,35,23,24,20.58357989943558,359.0034842574986
"budget",30,40,0,0,511.52069479229306,1000.0
"default",14,39,40,12,385.72773453101706,190
"default",22,13,38,27,223.22513109017723,110
"default",26,33,46,46,254.07463248878472,120
"rich",0,10,30,23,16.73239675713247,7.623522339575982
"default",3,3,30,16,307.2452387707103,150
"default",30,19,30,43,251.29344220494914,120
"default",15,24,25,40,196.76339042051129,90
"budget",40,30,20,0,412.79278781867026,721.1102550927978
"default",10,28,40,15,332.7913397742616,160
"default",16,20,27,24,135.18843377051508,60
"default",32,17,24,19,83.87274003785865,40
"rich",20,20,34,20,42.439432652725884,10.729053710468694
"hurry",15,49,0,0,15.16133329299418,50
"default",41,15,29,15,124.00164498347552,60
"rich",10,35,40,19,37.839556944154594,3.5666041399921653
"default",40,32,15,40,273.9338757929222,130
"default",21,11,48,48,468.0856964104452,230
"default",44,7,24,33,334.68418191541014,160
"default",1,35,4,35,40.78838283218319,20
"default",47,2,32,40,416.4393516462391,200
"normal",20,30,25,24,45.112104592432765,14.362112125824202
"default",18,40,9,10,343.5300853596018,160
"default",7,7,18,39,346.8712131112732,170
"default",40,3,38,28,256.4263081240272,130
"budget",30,15,0,0,400.53436302313503,670.8203932499368
"default",16,33,37,25,229.3015409192684,110
"normal",24,35,26,24,23.787850855534288,44.41634636868621
"default",24,26,33,19,118.91073048979972,60
"normal",40,0,27,27,32.011801559122844,37.0180316324363
"default",24,21,40,0,273.89156224593205,130
"default",42,15,30,23,150.20492054770847,70
"default",24,25,40,9,231.01383483143502,110
"default",40,12,20,22,229.97354602916906,110
"normal",0,0,21,29,37.48590865897545,145.9507984038711
"default",15,20,4,45,279.64956701773355,140
"default",45,30,40,11,200.17621341504156,100
"default",10,16,1,10,114.56711243581795,50
"default",3,46,22,32,237.92511618724015,120
"default",14,40,22,18,259.99964509017093,120
"default",15,33,46,5,427.992210117407,210
"default",24,30,23,14,177.54479499963634,80
"hurry",30,15,0,0,12.3559113375873,50
"default",18,24,40,20,228.7026371812671,110
"default",28,24,9,10,248.05733453078673,120
"default",6,35,31,40,268.0291355207773,130
"default",7,35,13,20,167.91680452459636,80
"default",40,13,26,26,203.04251109006645,100
"rich",20,10,17,40,47.395285053595735,8.021106174890226
"default",30,16,18,40,284.06830672864265,130
"default",4,35,23,23,228.43637445911827,110
"default",40,33,6,10,442.0834626640938,210
"default",40,39,6,35,344.684906825525,170
"default",12,40,13,40,12.136972354995025,0
"normal",30,15,30,26,46.0186250155316,37.66701237779
"default",25,22,10,14,182.17974918041068,80
"budget",10,10,0,0,167.17629218322864,282.842712474619
"default",20,15,40,7,226.2625960889294,110
"default",10,29,28,24,190.49814756584732,90
"default",48,15,45,15,32.60973436042391,20
"default",13,34,45,30,341.5195904092801,160
"default",47,47,24,15,413.10674964328547,200
"default",34,20,10,29,262.4593661669398,130
"default",10,36,23,36,133.43118374122005,60
"default",29,15,24,19,67.56028276180608,30
"default",24,27,1,48,325.77286020325755,160
"default",19,20,0,10,235.34329230278112,110
"default",40,29,30,30,105.62166325430285,50
"rich",20,20,15,44,32.10964417405134,10.188101777763334
"default",1,35,20,16,274.16824761377063,130
"default",20,17,20,3,155.1050893388746,70
"normal",10,35,25,25,30.544520394379884,107.6502608018839
"normal",30,30,27,24,30.42379763548192,34.70085655177082
"default",24,32,14,24,137.91201911250786,60
"default",40,16,22,26,207.2436826966909,100
"default",21,29,25,25,59.52319486388505,30
"default",10,27,25,34,166.32495468135636,80
"default",48,30,30,40,208.03073250414664,100
"normal",24,24,24,28,15.65945567059286,21.14782814913248
"default",10,26,4,35,116.62669938197446,50
"default",38,40,45,15,283.93798941465144,130
"default",5,5,30,19,288.1963956592886,140
"default",24,19,40,12,182.66021362151022,90
"budget",30,15,0,0,376.8720411190651,670.8203932499368
"default",13,40,46,4,530.7273547368463,240
"budget",24,35,0,0,489.7955960869716,848.7638069569177
"default",22,37,40,2,422.6296405983075,200
"normal",24,24,30,27,20.148859874959655,40.802990746451535
"default",20,4,39,15,220.41966593745207,110
"default",29,16,10,28,235.39041776575192,110
"default",39,29,40,35,78.20009072702459,30
"default",24,31,40,2,338.05304781412883,170
"normal",49,30,29,24,13.119918365949186,49.920419817755594
"default",10,22,47,15,390.1636135130486,190
"normal",10,10,27,24,35.79198035921586,44.201975294066145
"normal",15,40,26,26,27.103842152456046,62.12226015668771
"default",15,24,24,33,128.27041536115576,60
"default",10,17,19,24,128.82507376506464,60
"default",15,42,10,28,150.66372017010914,70
"default",40,24,20,1,311.0394368476643,150
"default",20,2,20,5,40.1677263916194,20
"default",17,10,18,32,224.8864971050731,110
"default",29,29,24,15,160.24488698442792,70
"default",17,32,10,26,97.51264618868662,50
"default",25,36,45,6,364.12527419096784,180
"default",12,34,2,35,107.98169541610369,50
"default",6,6,10,21,175.69414287681838,80
"default",30,42,22,24,197.81972202681033,100
"default",4,10,40,18,381.7700198094091,180
"default",24,40,20,0,404.09873695766316,200
"default",26,37,30,41,66.67612821287081,30
"normal",40,15,24,26,26.219983903745316,49.28124359144344
"normal",24,24,26,24,49.08223387740565,3.118175228736776
"default",20,22,43,9,270.3046019293042,130
"default",47,2,15,48,563.0543590277448,280
"default",14,10,16,40,325.5225051447638,150
"normal",40,0,27,27,27.324494185886405,85.57897740047427
"hurry",20,20,20,0,32.330201409357215,50
"default",35,15,4,45,444.442878588393,220
"default",40,22,41,41,201.321772043294,100
"normal",24,24,27,24,26.94945875529677,9.06189022016188
"default",41,15,20,25,242.42000969050645,120
"default",30,47,11,40,208.1026210602696,100
"default",8,35,10,17,186.36983294715614,90
"default",10,21,15,49,288.3167754463923,140
"default",36,15,37,40,255.83007171001123,130
"default",10,25,10,38,140.20676495397257,60
"default",35,22,24,22,127.85099768033453,60
"normal",24,35,27,24,32.44444652794502,20.97471782454503
"normal",15,40,24,27,28.347944320929724,84.05671663502865
"default",41,13,46,46,361.5945902659958,170
"default",29,39,46,46,197.59932647117427,90
"default",25,15,40,2,203.03213938861398,100
"default",40,29,49,49,227.2023894031791,110
"default",15,47,22,18,304.4674476205508,150
"default",12,24,11,36,124.34268281523573,60
"default",30,18,40,20,103.65689247329018,50
"default",24,29,16,40,140.14383460060205,70
"default",40,20,8,10,358.1176781130257,170
"default",44,15,30,44,326.4566787102771,160
"default",20,1,20,5,58.57081303863907,20
"random",15,40,46,15,45.428335001580905,718.4989720282044
"default",12,10,30,42,371.82021750775215,180
"default",28,18,10,14,213.05374532404872,90
"normal",0,10,28,28,-3.044943642358362,160.9572373999818
"default",10,34,24,31,187.78519778632582,70
"default",10,31,34,21,287.3670495732502,130
"default",22,26,36,15,180.573647618513,90
"default",11,40,10,19,214.38339119923737,110
"default",23,23,21,37,158.0861282213308,70
"default",30,29,12,10,267.32013640031766,130
"budget",0,10,20,0,261.9155544240056,447.21359549995793
"default",11,20,26,40,262.79969486156665,120
"default",16,24,20,1,241.7070060244502,120
"default",40,13,14,20,272.841214131548,130
"normal",15,40,24,24,42.4272157808371,29.819357706712864
"default",45,15,40,5,118.49175926185758,60
"default",19,31,43,15,308.63291814441493,140
"default",32,40,10,27,283.0711039647837,130
"default",16,33,20,13,216.5184524193031,100
"normal",24,24,24,24,17.357648082594572,0.0
"normal",40,15,24,28,16.447440355167693,12.814510648620189
"default",25,34,33,19,171.5368528963823,80
"default",5,10,45,45,542.1464038037317,270
"normal",24,24,25,25,19.194483889586817,1.6732175803355047
"normal",0,49,25,23,35.67523743922353,226.6183019460462
"default",21,11,43,10,232.95494791271673,110
"default",30,16,38,27,151.93240084515043,70
"default",42,11,47,30,203.01846974032654,100
"default",33,19,20,21,139.41314927955068,70
"default",20,17,30,45,309.83453820825906,150
"default",48,48,21,21,390.34293596842855,190
"default",22,22,15,41,204.5610283266181,100
"normal",24,24,28,28,16.670576761370782,15.561217190503205
"default",38,40,40,33,89.61260418789803,40
"default",27,27,24,15,133.85037803992643,60
"default",20,8,20,7,19.516890992248825,0
"default",3,10,9,41,325.14658417271056,160
"default",1,1,11,40,411.809540252153,200
"default",3,35,24,16,298.04632143517085,140
"default",20,1,10,12,151.1568445816909,70
"default",22,17,40,36,262.12796292177046,130
"default",14,40,40,11,407.96568996541436,190
"default",43,10,20,23,273.3541548003785,130
"default",34,15,27,19,83.7664037018771,40
"default",48,30,22,24,271.85960248677713,130
"default",19,38,21,11,279.9963551340186,140
"hurry",40,15,20,0,1.4447467394755575,50
"default",12,40,10,14,269.23590003437346,130
"default",20,14,30,47,359.01295286620217,170
"default",10,29,19,31,102.27196108902203,50
"default",40,1,20,20,302.8928160316019,140
"default",43,30,30,23,163.86238653109294,70
"budget",24,24,20,0,293.4495001933241,486.62100242385753
"default",29,24,30,24,13.454024982882373,0
"default",39,29,30,26,105.80598135507913,50
"default",18,40,41,15,351.33443734102605,170
"normal",49,30,23,25,31.657985225979306,32.24052134349344
"default",21,21,14,39,200.74136759801223,100
"default",21,28,10,11,217.59336148132178,100
"default",30,28,8,8,306.3192650711525,150
"default",31,40,40,5,370.6329083879585,180
"default",30,42,40,30,173.66887895145283,80
"default",40,6,30,23,199.3751086625938,100
"normal",15,40,25,25,41.76135459223457,86.05101847947934
"default",46,30,10,21,377.140249824326,190
"hurry",24,24,20,0,0.9585979930776523,50
"budget",30,24,20,0,322.2523595713825,520.0
"default",24,32,14,40,136.6897525519071,60
"default",10,17,36,40,360.80452602812517,170
"default",21,24,23,14,117.66273439416989,50
"default",40,26,24,32,188.46330698958818,90
"default",41,30,19,24,230.5518956044834,110
"default",30,43,18,20,276.23620501189635,130
"default",25,22,30,30,108.64076047380948,50
"default",4,35,33,18,365.0695668775099,170
"default",20,27,14,40,147.27514132709032,70
"default",22,13,24,28,155.9337956423855,80
"default",7,35,29,29,255.20857530022468,110
"default",18,24,43,15,280.67842370672713,130
"default",17,32,30,49,238.6801471567697,110
"budget",24,15,0,0,338.7770513931281,566.0388679233962
"budget",30,40,0,0,550.297370475426,1000.0
"default",40,36,13,24,318.5215497791554,150
"normal",20,30,24,28,26.405261889629013,11.526781654678748
"default",20,9,10,39,319.0244015375306,160
"default",20,8,27,19,156.20400173194,70
"default",8,42,24,31,198.19592119315385,100
"default",40,9,3,10,381.45024238606663,190
"default",27,40,25,36,47.40590106552938,20
"default",14,24,40,4,350.2667738916276,160
"default",40,37,37,25,132.0629346525952,60
"default",28,17,24,20,57.20940275348361,20
"default",26,33,15,10,261.98921247544706,130
"default",10,23,23,40,217.0463070183665,110
"default",25,24,40,30,171.71192548787872,80
"default",2,2,30,16,339.88538780891446,160
"default",30,18,25,24,80.43277060886945,40
"normal",24,24,28,28,48.372749254431156,21.686024406248784
"default",40,32,7,10,409.93771503921295,200
"default",10,12,14,39,291.23685352761925,140
"default",27,15,10,30,249.5958721331659,110
"normal",15,49,22,26,30.129890499784768,67.26786748669947
"default",10,27,30,24,213.6809385287353,100
"default",30,25,10,10,253.4493142718789,120
"rich",10,10,15,46,21.986653840987216,7.554331420897932
"default",46,4,40,39,361.57336911134246,180
"normal",0,35,24,29,50.15245926242317,91.2648185422259
"default",24,30,30,26,83.11344174282564,40
"default",17,10,41,30,324.25335105618575,160
"default",15,10,22,18,110.59864677199074,50
"default",21,29,24,18,124.24941688380225,60
"normal",10,10,24,26,23.032799260027122,45.648359764391
"default",22,32,1,1,377.53259326668734,190
"default",48,15,30,19,187.5017752830598,90
"opportune",10,35,24,24,29.404777029657385,562.2645162954218
"hurry",24,35,0,0,6.887772248479194,50
"default",29,29,29,15,171.5265194340085,70
"default",40,21,20,22,223.1172484798346,100
"normal",15,40,24,24,41.802289186543405,67.7368368772979
"default",7,10,37,26,341.3121253320468,170
"default",3,46,24,33,258.3453098818607,120
"hurry",30,15,0,0,0.37629883409871245,50
"default",26,15,37,26,158.51802763056352,80
"default",20,21,7,7,199.05744518667427,100
"default",26,37,27,27,112.95494067883351,50
"default",26,21,32,40,226.7593842294996,100
"default",42,15,33,15,95.51357547476759,40
"default",15,46,25,24,243.83616169292,120
"default",28,28,35,23,94.3677646686362,40
"default",1,10,20,21,224.8198810804107,110
"default",30,41,40,36,119.45839567433505,60
"default",16,40,40,21,319.881511808907,150
"default",28,40,40,14,295.05183664830037,140
"default",9,10,20,27,205.509491435592,100
"default",15,45,40,4,484.44704806406463,240
"hurry",10,20,20,0,4.959363507959251,50
"budget",30,40,0,0,558.5226025368959,1000.0
"rich",10,10,24,24,42.58275428582285,6.08965683841816
"default",30,20,40,9,159.8139880977443,70
"default",28,18,40,16,142.18316659252514,60
"default",16,10,44,30,350.83090414755617,170
"default",15,44,24,34,138.1924643465315,70
"default",40,25,4,4,422.8642878543655,210
"default",39,29,10,16,332.35921726741594,160
"default",6,10,0,0,118.83769593693204,60
"default",33,19,45,30,175.9602512617554,80
"default",11,34,45,15,397.6468185083316,190
"default",30,44,12,20,343.4069573906653,150
"normal",30,24,27,27,21.910521298280393,5.099187747150859
"default",24,29,27,38,100.87358610381511,50
"default",29,24,31,15,103.85830486347179,50
"rich",20,30,23,25,33.439797318836035,4.191783362505045
"rich",24,35,23,25,56.69932164717282,4.842625533426185
"default",34,21,10,29,254.36539671869912,130
"budget",40,30,20,0,397.4453497989296,721.1102550927978
"default",42,11,40,24,135.71886724893855,70
"hurry",24,24,20,0,10.479293752439702,50
"default",11,36,43,9,421.8697217828892,210
"default",27,24,40,18,154.61809694683433,70
"default",37,40,33,40,48.26269357094861,20
"default",27,32,28,28,58.835567923154045,20
"default",26,15,20,6,115.53054881741126,50
"default",24,40,41,30,229.28922701944157,100
"default",36,24,19,31,190.9821516630173,90
"rich",20,20,22,27,31.62701304654989,5.2633410844793715
"default",48,30,21,21,293.7050082502393,140
"default",30,26,15,46,263.83259097526013,120
"default",9,35,25,36,166.03003957669176,80
"default",19,38,40,1,425.6770321073834,210
"default",15,20,13,10,120.06321204169723,50
"default",16,24,15,48,248.8481960973288,120
"rich",20,20,15,43,31.098873372256307,9.491127026083618
"default",2,10,13,38,306.6517158798457,150
"default",10,37,46,4,496.61152724967064,240
"default",38,27,15,42,284.5710089064546,140
"default",3,10,30,26,320.46770425010754,160
"default",20,5,9,35,332.9890117953605,160
"default",20,7,26,24,181.26464177458365,90
"normal",0,0,24,28,27.913725138289223,144.332246533534
"normal",24,35,25,23,22.801789291937503,29.330948988648984
"default",33,15,40,29,163.90623542402548,80
"default",39,40,30,41,101.54284300190074,50
"default",5,10,30,19,286.23886252063824,130
"default",40,35,40,26,106.78218457011265,40
"default",6,35,20,17,230.30595052935135,110
"default",30,17,22,32,174.393637489014,80
"default",21,40,36,40,184.70525649450806,80
"default",15,44,25,22,246.6560939968531,120
"default",40,16,5,35,410.56759502225225,200
"default",29,15,5,35,320.5777330549973,160
"default",40,4,25,23,258.0283633148037,120
"default",40,38,3,10,466.64812102133834,230
"default",24,18,10,27,169.836133281554,80
"default",40,1,20,12,250.56646500982367,110
"default",27,15,24,40,262.47086885972107,130
"default",25,36,12,10,311.5877389897013,150
"normal",24,24,27,24,28.657539732719396,4.881688142093613
"default",15,10,17,20,105.52372249501258,50
"default",11,20,10,28,86.18230476440522,40
"default",25,34,28,38,64.47903095765639,20
"default",17,39,43,15,359.6094289126106,180
"default",27,19,13,20,153.72972537464776,70
"normal",24,24,23,25,25.65186307771398,2.6393937409949633
"default",23,25,2,2,328.1212713914307,160
"default",25,25,30,27,60.69342472162353,30
"default",20,11,24,31,213.3611824628634,100
"rich",0,10,42,15,51.22311553979986,6.7227182651310615
"default",30,42,26,26,168.5425218564818,80
"budget",24,15,0,0,352.9190262103472,566.0388679233962
"default",20,4,42,11,248.64538181158665,120
"default",1,10,26,24,312.4898763592552,140
"default",26,33,29,31,38.88430967627321,20
"hurry",24,24,20,0,41.43780251924199,50
"normal",15,40,27,27,27.665706614265687,109.34553924165812
"normal",20,30,28,28,36.748721664005615,18.47962427318527
"default",28,15,26,15,40.55931960838119,10
"default",20,3,30,28,279.18810499149896,130
"default",24,31,37,25,163.53073194957366,70
"default",10,16,21,31,201.92939734567014,90
"default",30,47,33,18,298.8156649782158,150
"hurry",49,49,20,0,7.7455526250080196,50
"default",26,21,22,22,52.42719006570989,20
"normal",30,15,26,26,44.79284150645645,7.9567729391979025
"default",43,43,31,16,297.5914898873017,150
"default",32,17,26,37,226.95682780600586,100
"default",6,6,49,30,501.50545882391566,250
"default",24,21,1,35,272.4733892297719,130
"default",5,44,30,41,270.2902697977771,130
"default",35,40,11,34,257.5555625036827,120
"budget",40,15,20,0,294.03380040921417,500.0
"default",19,40,10,40,96.41925700718602,40
"default",17,20,31,15,152.3280092639277,70
"default",8,42,36,15,392.6484161413173,190
"default",22,22,15,41,203.26426710126225,100
"default",44,7,30,47,432.5203580344804,210
"rich",10,35,21,37,59.31532769258666,4.630327448261568
"opportune",15,40,23,25,76.03725532790213,300.1794319016998
"normal",20,30,26,26,25.82045305200277,14.692121569100454
"default",20,19,24,26,84.18823645934857,40
"default",18,39,19,20,199.97337595370675,100
"default",42,11,15,47,463.737089404993,220
"default",20,27,42,12,277.50024243990066,130
"default",26,26,3,35,250.35156674418815,120
"default",40,2,18,20,299.66203153497173,140
"default",8,8,22,12,155.45140842155982,70
"hurry",30,49,0,0,2.7612842513880276,50
"default",26,15,36,24,141.23810167419657,70
"default",40,8,20,28,289.56270894943225,140
"default",23,34,26,15,198.249666571443,100
"default",24,16,10,35,240.41960877501953,120
"normal",24,24,27,27,37.26594190596444,6.844646446435185
"default",29,16,22,27,158.5255239695852,70
"normal",24,24,27,27,15.694947407260573,29.331629381694274
"default",15,48,29,29,250.850327609759,120
"default",20,40,36,24,242.79996039360856,110
"normal",20,30,26,26,29.254596811623742,19.97047154723383
"default",18,24,30,48,277.29065976722546,130
"default",24,20,10,17,149.51507831470943,70
"default",28,32,31,40,90.24437622947387,40
"default",12,24,44,15,346.62121923706104,170
"default",6,10,15,41,332.9936527407478,160
"budget",40,40,20,0,474.1533452413696,894.4271909999159
"default",20,21,24,31,108.48042903931052,50
"default",29,24,23,14,119.41173460679467,60
"normal",15,40,24,24,17.70790522876756,95.01788206224597
"normal",24,35,26,24,38.96968777380896,12.615514215495718
"rich",49,0,15,43,55.19474538989391,0.7746815555528287
"default",20,11,15,46,363.7653047761193,180
"normal",20,0,24,30,49.32696332450503,99.92071217961994
"opportune",20,20,24,25,3.521676200676151,66.12209420109598
"default",29,29,10,28,193.5133800861406,100
"default",20,14,10,27,172.47854781440762,80
"normal",24,24,26,26,28.712474908076956,7.029854017579314
"default",44,44,42,42,33.365922906656294,10
"default",22,37,30,30,127.5111546473172,50
"default",22,18,44,30,262.57721925813917,130
"default",16,33,40,26,258.52903703258164,120
"default",37,15,24,25,171.13501325454936,80
"default",22,40,40,21,266.3178261947463,130
"default",28,18,24,17,43.35778303507686,20
"default",21,28,25,34,97.37369725733186,40
"default",15,42,10,27,161.45907503337196,80
"default",24,40,11,40,148.7987617641415,60
"rich",10,10,12,40,36.3120955002027,10.180930335378573
"default",20,13,10,38,269.729591277201,130
"normal",24,24,25,24,35.547584098502526,4.039297974891871
"hurry",24,35,0,0,5.561177151816061,50
"default",40,25,23,25,181.96156099694363,80
"default",40,29,42,12,171.43765320605004,90
"hurry",24,24,20,0,17.246153450524094,50
"default",37,26,30,29,83.02264693166495,40
"default",34,40,24,29,160.41959881643044,70
"default",30,20,41,30,182.2025834727536,70
"normal",24,35,26,26,31.05310754305329,41.83827419249113
"budget",40,30,20,0,400.8139201160849,721.1102550927978
"default",4,35,15,10,275.83000083754854,140
"default",29,39,40,6,354.88227006601716,170
"default",40,36,40,31,79.2232742449338,20
"default",43,15,22,32,284.4594352153846,140
"default",40,13,6,6,351.88361166257926,170
"default",24,19,6,35,252.39878711581542,120
"budget",10,35,20,0,429.26402307367135,728.0109889280518
"default",21,19,14,34,167.40221689682173,80
"default",24,26,33,19,132.38716788791442,60
"normal",15,49,27,27,8.260983323127814,104.7145514687252
"budget",15,40,0,0,485.1944069745198,854.4003745317531
"default",15,20,43,15,293.57844598333975,140
"default",10,15,20,28,168.9505722852431,80
"normal",24,24,28,28,49.776415391715986,33.51195614870069
"default",10,21,13,24,44.89623398659617,20
"default",30,23,30,27,50.8823921411975,20
"default",10,16,39,40,378.5760480160823,190
"default",11,40,22,32,137.97245120996757,70
"default",25,24,3,35,255.44653829811108,120
"default",46,46,27,38,211.04474492948276,100
"default",18,10,45,15,282.8085334993036,140
"default",27,40,35,23,192.58040762048805,90
"default",24,20,1,35,290.02794381572244,140
"default",33,15,27,19,75.51077459438434,40
"normal",0,35,25,23,30.72465322439083,76.17014445992298
"default",45,15,15,49,456.80750046117197,230
"default",10,29,20,3,291.23131462146085,140
"default",37,40,15,45,232.21814139225557,110
"budget",20,0,0,0,236.14628127981123,400.0
"default",27,27,10,39,216.9392834277641,100
"default",24,33,33,19,178.13844977356914,80
"default",48,1,46,4,39.086408408842736,20
"default",30,18,12,34,251.99026644227973,120
"default",24,30,22,17,132.0884233686963,70
"default",11,34,28,32,182.30052521685087,90
"default",46,15,22,13,259.16510544547657,120
"rich",20,20,16,39,55.33173070541069,5.139355752210436
"default",40,22,18,32,245.25390668283697,120
"default",44,15,14,24,333.3844874574079,160
"budget",30,40,0,0,581.0167807433013,1000.0
"normal",24,35,28,24,33.11901261291166,5.303652662948946
"default",3,46,11,36,160.61169779622028,60
"default",27,38,31,16,251.72544387768687,110
"default",23,25,42,12,238.79925363743845,120
"default",32,15,40,21,117.77468079982201,50
"hurry",10,35,20,0,26.011475569357586,50
"normal",30,15,27,27,43.54362253896439,12.217689284577556
"default",22,24,33,19,125.11655193354255,60
"default",42,30,12,37,314.00765312036265,150
"FareType","originX","originY","destX","destY","MaxWait","MaxCost"
"default",18,39,49,15,396.30227080184835,200
"default",20,6,13,10,96.8281829692711,40
"budget",0,49,20,0,615.8254402722303,1058.4894897919394
"normal",24,35,25,24,38.01096909086602,4.104206001450538
"default",23,23,30,47,253.36637513822583,120
"normal",24,24,26,24,23.395039501202554,0.6086554798452913
"default",27,19,10,19,183.89935529410388,80
"default",37,25,8,35,311.35517670287015,150
"hurry",24,24,20,0,30.954791757701365,50
"budget",15,40,0,0,481.49561928845446,854.4003745317531
"default",40,9,24,27,253.5620630626468,120
"default",9,35,10,14,222.22616866590937,110
"default",10,12,6,35,241.5278703461302,120
"rich",10,40,23,23,45.20133806768217,12.584555654619223
"default",12,37,8,35,50.30811582199158,20
"default",43,43,20,26,289.7820555420614,140
"default",40,1,1,10,414.42837728629246,200
"default",15,42,37,25,284.59216820201857,140
"default",13,38,21,40,87.42764713720621,40
"default",45,6,8,8,384.05663613797986,190
"default",6,6,30,27,328.60891825056876,160
"normal",10,35,26,26,50.169459179723916,85.87623210728732
"default",2,10,16,10,148.6864408273001,70
"default",30,17,26,37,211.72411875005542,100
"default",8,10,30,42,414.38800937443636,190
"hurry",0,10,20,0,15.485697666470717,50
"default",24,40,23,25,156.5512837704865,80
"default",23,40,8,10,346.07907710431823,170
"default",4,35,35,40,318.9754902744504,160
"hurry",10,40,0,0,0.08655173921379514,50
"default",10,33,41,14,370.80601091134497,180
"default",10,36,24,24,185.25173525802913,90
"default",30,23,21,29,115.20931892043996,50
"default",30,21,10,40,287.68520655556273,140
"budget",24,24,20,0,296.77790993151484,486.62100242385753
"default",2,2,40,0,384.6587495598734,190
"default",10,39,4,10,312.4935112145789,150
"default",38,28,16,20,239.06664982129547,120
"default",40,8,7,7,338.2730409321531,170
"default",22,17,27,32,172.41538294726837,80
"default",40,16,8,35,387.37310568275296,190
"default",40,6,32,40,375.4818349133638,170
"default",21,29,20,0,298.31096534427587,150
"default",15,20,15,44,269.08453261396375,120
"default",15,43,26,37,131.46119657198201,60
"default",20,2,5,44,457.4359630891465,220
"budget",30,15,0,0,387.28021428623856,670.8203932499368
"default",8,42,15,33,119.51783171678659,60
"rich",49,0,40,17,45.76899705357434,5.566767736969695
"default",38,40,35,23,183.32475416943106,90
"default",10,15,48,48,508.4975572908454,250
"default",45,45,28,17,337.4535892515867,160
"default",13,24,40,14,289.67480754560603,140
"default",29,31,22,37,100.2291853282218,50
"default",34,15,27,27,145.92587600667508,70
"default",27,20,28,15,60.747886904978614,30
"default",17,20,46,5,348.9160728470444,160
"default",4,4,44,8,404.26228687291757,200
"default",40,18,6,10,356.65306184882843,170
"default",20,1,10,10,160.067145717315,70
"default",16,39,18,10,296.7401463291701,150
"hurry",24,15,0,0,24.527165880490056,50
"default",22,37,30,18,212.14914081992717,100
"default",28,38,30,20,196.43571283966554,90
"default",17,24,35,15,227.62454568813237,100
"default",10,19,24,23,162.7924023486978,70
"normal",0,35,27,24,25.6927317514479,70.87864584259079
"default",31,15,30,16,18.719047914937093,10
"default",24,31,22,32,63.93519447562828,10
"default",20,17,43,9,254.03769212854453,120
"default",40,28,15,46,320.6306130663537,150
"default",31,16,24,35,211.06333003904984,100
"default",25,15,21,29,163.15348074622892,70
"default",30,45,45,30,224.3144929988365,110
"default",20,3,44,8,247.84527568137975,120
"default",13,34,45,6,428.16017930916087,210
"default",44,7,11,10,336.1309950335361,170
"default",24,20,40,30,207.51590530832854,90
"default",24,28,3,3,330.7266911816566,160
"default",10,32,10,10,234.18284671600213,110
"budget",0,0,0,0,59.6551374171038,0.0
"default",20,29,20,15,166.91860456475322,70
"default",15,45,44,15,429.61494990207467,210
"default",29,40,26,37,47.898315509292445,20
"default",38,15,18,32,267.3266147396602,130
"default",41,13,24,18,187.79454001841873,90
"default",20,9,30,28,224.1861254775522,110
"normal",40,15,22,27,42.78910712779246,21.77487304642981
"default",13,10,23,14,113.47044412533789,50
"rich",10,24,15,43,58.15440615403568,11.281581137888983
"default",25,25,40,13,194.65398348875672,100
"default",20,27,9,9,259.7751846760214,110
"default",27,24,24,35,119.82193449192607,60
"default",29,31,20,11,227.05063262550667,110
"normal",24,35,24,27,47.349846477681545,36.20755045638214
"default",24,27,28,15,127.42201756052795,60
"hurry",30,40,0,0,7.758802601413749,50
"default",22,24,8,8,216.59202474480767,110
"default",4,45,30,41,268.5468157354278,130
"default",40,12,22,18,199.920715105741,90
"default",10,37,10,24,130.70122812140315,60
"default",22,33,48,30,270.76097970299605,130
"default",41,14,13,38,383.5397447308988,180
"default",1,35,20,6,356.8287734106415,170
"default",15,33,27,15,228.27550201051287,110
"default",22,18,15,33,175.19245152169762,80
"default",20,6,48,15,312.79066347720664,150
"default",7,35,28,28,233.9171502420941,110
"default",26,24,24,20,52.22723836509349,20
"default",40,22,40,18,44.355438043644405,20
"default",43,9,25,25,249.3718896086695,120
"default",24,21,29,39,196.6636639724875,90
"normal",40,15,28,28,36.14095739720406,43.70643130158919
"default",20,4,24,24,221.98523518092185,100
"default",12,10,34,21,253.6403605586616,120
"default",23,25,20,23,37.3262153529922,20
"default",25,24,19,20,77.23402710493565,40
"default",30,41,26,40,42.80318175597884,20
"normal",10,35,25,25,36.18477727694605,35.8399316724001
"default",40,39,10,27,340.42261208496694,160
"rich",20,20,24,22,45.892531947738945,1.819151809078023
"default",21,37,30,48,152.24268415660666,70
"default",30,46,2,35,319.7063268965667,150
"rich",20,30,40,10,19.752889170142137,2.949036849168442
"default",30,16,24,31,169.93248838488373,80
"default",10,31,29,40,217.5623685656762,110
"hurry",30,30,20,0,76.96311873076883,50
"default",21,21,3,35,234.83764134831677,110
"default",40,29,40,29,17.6758423202851,0
"default",7,7,37,26,358.07871881367515,180
"default",10,23,11,20,45.73916123796089,20
"default",15,44,0,49,163.77910659463498,80
"default",42,12,33,19,123.14366728462772,60
"rich",24,35,40,17,52.35181885181318,4.516395565767653
"default",10,17,22,27,159.68163427305703,80
"rich",20,30,24,24,46.68124657890482,4.310357020404006
"default",27,15,30,28,134.56580277196483,70
"budget",40,15,20,0,273.4019276599486,500.0
"default",19,38,40,14,332.7600780775575,160
"default",14,39,28,28,185.15263770519067,90
"budget",24,15,0,0,332.07443506194113,566.0388679233962
"default",22,13,21,24,114.83648719201096,60
"default",24,18,39,15,155.29547423300127,80
"default",30,27,12,37,208.97185186462198,100
"default",10,38,42,42,341.28206056038067,160
"default",18,24,20,22,32.476619837044176,10
"default",33,15,37,26,128.55679287383887,60
"default",47,30,10,18,393.53477526492117,190
"default",30,25,43,43,230.13427711171462,110
"default",40,20,8,42,394.63735970865866,190
"default",37,25,14,10,292.27430065635923,140
"default",11,36,26,37,170.29876465812,80
"random",30,40,13,38,57.19495506590675,605.6196019771112
"default",16,40,20,11,321.0546515040058,150
"opportune",24,35,24,25,46.3913533741242,306.5604107023072
"default",25,36,10,17,253.81525603973387,120
"default",40,25,10,23,309.3086062683065,150
"default",19,10,30,23,176.79168769905593,90
"default",41,30,9,9,405.3283423939143,190
"default",48,30,12,24,374.2562321988397,180
"default",30,43,20,30,170.26931283202086,80
"default",30,17,27,24,88.0275007865123,40
"default",45,15,0,10,466.4847301710165,230
"default",8,35,13,10,290.249702169732,130
"default",15,33,28,32,166.97649471712734,70
"default",6,6,27,24,288.4040213224095,140
"default",25,24,19,31,97.2809116159682,50
"default",20,11,39,29,268.43797668877,130
"default",31,40,10,21,289.5760708053314,140
"default",20,9,36,40,358.40823001328647,170
"default",28,17,10,37,278.84792697550347,130
"default",29,29,46,46,243.4284183525728,120
"default",38,28,40,9,205.79499179003767,100
"default",20,5,36,40,397.58172633096467,190
"default",5,35,15,33,116.4004606934797,50
"default",22,37,29,16,223.82258928776974,110
"default",1,10,5,44,345.65593891028044,170
"default",36,24,40,26,50.58844005903669,20
"default",22,27,45,15,280.5664959304469,130
"default",20,18,5,44,303.2972662297807,150
"rich",24,24,26,21,51.983819166531354,14.817874365078037
"default",31,16,17,10,161.813606869282,80
"default",17,39,35,22,257.89831395966405,120
"default",21,40,22,40,27.19503238186697,0
"default",28,15,19,40,270.9813625138517,130
"default",20,19,10,37,210.31629709688602,100
"default",11,20,37,15,275.8078889555816,130
"default",20,27,38,40,234.9099900624497,110
"default",15,45,39,40,252.23808669110596,120
"normal",40,30,27,27,37.39868651752487,41.5884446308145
"default",21,28,11,36,137.69323296647056,60
"default",10,22,15,47,263.4756172772744,130
"default",20,13,39,29,250.96129868206808,120
"default",32,17,13,34,257.5585007682413,130
"default",35,15,45,15,110.63962847785729,50
"default",10,39,18,39,99.66517577265091,40
"default",20,25,44,15,280.087754959122,130
"default",43,15,26,40,324.63309446650135,150
"default",27,20,40,22,145.82879594374057,70
"default",20,3,29,40,384.57986223827,190
"default",47,2,42,15,151.01012682371314,70
"default",14,40,10,21,203.00572574006821,100
"default",45,30,43,43,136.6180168610989,70
"normal",10,35,22,24,45.12863989280873,57.279741670832514
"default",35,40,48,30,188.33463504908406,80
"default",36,24,48,1,272.77563935214005,130
"default",25,15,20,9,92.37880532776678,40
"default",20,17,1,48,365.3283985577486,180
"default",47,3,10,29,458.562700626712,230
"default",18,39,15,24,171.11550808962264,80
"default",5,5,8,42,382.89467624997593,190
"default",43,43,19,20,355.4745287986422,170
"hurry",10,10,0,0,9.298128455544525,50
"default",37,15,14,39,344.0660072380676,170
"default",39,15,20,38,303.6472853730632,150
"default",3,35,15,44,161.06333523701025,80
"rich",24,35,18,39,15.451262740194373,9.06803684420576
"default",6,10,21,37,316.497327234237,150
"default",10,13,27,24,207.6587254534788,100
"hurry",40,30,20,0,26.406106272074986,50
"budget",40,40,20,0,500.102471276811,894.4271909999159
"hurry",30,40,0,0,17.917220932849666,50
"default",38,40,45,45,93.45497195554773,40
"rich",20,20,40,18,26.821127274141254,3.98966671764504
"default",14,10,20,11,65.5334853785001,30
"normal",24,35,24,25,33.532674114563974,27.21318276199331
"default",25,24,22,32,96.89865076325732,40
"default",46,30,20,13,313.0756121514017,160
"default",28,18,24,17,56.15661458806333,20
"default",28,38,20,28,152.3266783693844,60
"default",27,15,30,44,297.784003479559,150
"default",37,26,40,20,67.50045938678426,30
"default",30,20,15,47,319.3323385210877,150
"default",33,15,10,28,268.6488494696561,130
"default",24,31,28,18,150.68992164177413,70
"normal",24,24,22,24,13.578306632359602,3.116733142702381
"default",45,15,18,10,285.4027654212572,140
"default",40,7,11,20,332.3458067777715,160
"default",10,31,0,0,327.87297404243003,160
"default",40,4,14,20,307.97294570256645,150
"default",30,44,34,20,260.6632934561803,120
"default",35,23,15,41,272.45511775257035,130
"default",21,29,12,37,135.98565243349395,60
"default",8,42,20,7,390.152179066401,180
"rich",20,30,42,15,48.971137695978335,1.6491158009994777
"normal",15,40,24,29,42.61000055250588,40.687147721740324
"default",21,31,26,33,64.7633086489264,30
"rich",20,30,22,26,34.10909593145759,11.71167555238316
"default",35,15,36,24,96.99888563476576,50
"default",1,1,40,21,453.7640345707069,220
"default",40,6,24,22,244.89622416127534,110
"default",13,24,10,18,71.9415957474043,30
"default",24,32,10,39,169.64215218705147,80
"normal",15,40,27,27,28.723918597411124,128.71455087851533
"default",40,17,36,40,243.24818585615444,120
"default",26,33,41,15,246.88493736053562,120
"default",24,30,40,39,199.38357622471932,90
"budget",40,15,20,0,332.4925548259714,500.0
"rich",10,35,26,26,35.61845192839287,15.660620301229786
"default",30,23,30,49,260.6035658923935,130
"default",33,40,30,27,146.98739127801983,70
"default",40,32,14,40,278.32766871029173,140
"default",20,28,44,7,329.17821207055067,160
"default",23,34,8,10,304.4748351610759,140
"default",31,15,40,2,162.31298143739969,80
"default",9,9,3,46,396.84859827751393,190
"default",20,1,23,24,247.1996487230865,120
"default",3,3,24,23,301.2691456423207,140
"rich",10,35,17,39,40.700610201885574,3.2530363088124097
"default",30,41,16,33,174.75523178966606,80
"default",14,39,27,20,240.4031492975929,120
"default",34,20,14,10,232.82489223189205,110
"default",41,41,20,25,268.93003559211024,130
"default",24,29,30,22,95.14193363930217,50
"default",25,15,24,21,72.56313151810758,30
"default",30,27,43,10,224.9559063673581,110
"default",6,43,25,36,214.46027266072147,100
"default",10,15,41,14,338.7935015625294,160
"default",12,20,20,24,91.42286219988051,40
"normal",0,35,24,27,37.51567100882415,37.18385999895442
"rich",40,0,16,39,22.058544462429715,8.020921280151784
"default",30,17,3,10,286.8654535244642,140
"default",42,30,24,20,210.09891900608486,100
"default",19,10,22,27,182.168257376914,90
"normal",10,20,28,28,45.44584589361703,50.46861664841788
"default",3,35,28,38,286.90947965760984,130
"default",12,40,40,16,384.54459619721814,180
"default",24,27,40,24,168.93004309116003,80
"default",7,7,20,11,140.64928286007046,70
"normal",15,40,26,26,24.1664481946352,55.035935643351635
"normal",24,35,24,27,25.824000198904223,27.597634800704235
"default",12,34,10,10,258.8832429450669,120
"default",3,46,30,16,418.666707815285,200
"rich",30,15,41,15,58.962790457895686,10.205274033791161
"default",40,9,11,24,356.84545857697987,160
"default",15,42,40,20,349.1571343801385,170
"default",17,39,2,2,409.1171704321494,200
"default",15,10,18,40,314.03881977333367,150
"default",20,26,24,27,49.61800059740474,20
"default",10,27,35,15,286.6867282697957,140
"default",21,37,30,47,143.62241546326663,70
"default",25,23,40,31,180.77419122441015,80
"default",20,18,26,26,111.48980065458672,50
"normal",24,35,30,26,39.011052129616736,16.994289924895337
"normal",10,35,24,27,32.290841957300074,43.30301695204227
"default",17,20,25,15,108.28647999635606,50
"default",40,38,0,49,430.759449104148,210
"default",20,13,49,0,324.7994571505811,160
"default",10,38,22,22,217.18342447427568,100
"default",19,20,40,0,294.10722909869554,140
"normal",24,24,26,26,26.177097650885756,11.933447757163666
"default",7,7,3,35,297.713484763284,140
"default",38,40,40,2,383.884012873376,190
"default",4,35,40,34,363.9390076674709,180
"default",10,33,24,28,153.80179949381755,70
"budget",30,40,0,0,559.424584741892,1000.0
"default",21,11,30,40,305.95279772310795,150
"default",12,10,22,40,340.7858599445984,160
"default",5,10,41,30,419.1633135399137,210
"default",22,18,40,21,187.1625724611296,90
"default",45,45,16,20,391.1718940359515,190
"default",22,17,25,24,89.97229396046318,40
"default",24,30,40,17,210.4780341760411,100
"default",21,40,35,15,291.53707106556305,140
"default",30,43,28,24,207.08174437016967,100
"budget",10,40,0,0,437.8540014551737,824.6211251235321
"normal",10,10,26,26,25.630434122550064,182.40472547950802
"default",33,18,7,35,331.6699205644647,160
"default",42,15,27,38,289.96934315386284,140
"default",14,24,30,49,301.59488013965847,150
"default",18,39,17,24,154.41370810264056,80
"normal",40,30,25,24,18.420412639842443,55.26375273325967
"default",10,17,11,34,187.2018588225439,90
"default",10,32,10,13,206.52144455770645,100
"default",40,23,9,10,358.1412389312343,170
"default",7,10,32,40,398.8492631989949,200
"default",15,47,25,15,354.6247561740775,170
"default",22,12,10,15,132.48916860001844,60
"default",23,25,24,23,28.49484120220044,10
"default",24,34,26,21,156.3825324961896,70
"default",18,10,14,40,315.25991467985335,150
"rich",0,0,12,40,39.29822839333532,4.821381199989293
"default",48,1,29,39,427.59420947513473,210
"default",20,9,33,19,165.80792388539393,80
"default",39,40,2,35,401.7050827357457,190
"default",35,22,24,33,164.55280414576606,80
"default",41,14,7,35,404.7121422661416,200
"hurry",15,40,0,0,39.154992953184525,50
"default",30,17,7,10,266.82202170018206,120
"default",1,35,10,37,100.94603353447164,50
"default",40,26,2,47,437.98238923967114,220
"default",43,10,38,15,75.58553019356535,40
"default",44,8,30,27,245.55672766435293,120
"default",21,28,40,5,316.13232607344145,150
"hurry",30,24,20,0,10.472624996919762,50
"default",33,18,10,20,237.33091864798106,120
"opportune",10,35,26,26,78.49515891167788,236.19916674568333
"default",20,28,40,28,203.24889549471257,100
"default",2,2,49,15,491.2354766303922,240
"default",45,6,49,49,440.37062948120774,220
"default",36,24,33,15,102.4328198361092,50
"default",38,27,43,15,133.78550211374377,60
"default",40,14,40,18,61.75127856694648,20
"default",19,40,16,20,208.23079643604075,100
"default",40,19,42,30,112.77176851088785,60
"normal",30,24,27,27,35.136232044861025,5.627657868421235
"default",26,37,20,14,271.2216935098253,120
"default",16,40,18,39,43.269153212377496,10
"default",17,40,13,38,55.66174492130561,20
"default",31,16,10,23,236.04037141765463,110
"default",6,6,24,20,248.1600096172483,110
"default",39,15,20,22,208.6833652070828,100
"default",19,31,1,10,299.8178931032695,140
"budget",15,49,0,0,566.3052566862183,1024.8902380255165
"default",40,33,40,30,34.27312954912135,20
"budget",20,0,0,0,254.94064303826877,400.0
"normal",24,24,27,27,23.44763895270866,28.252355606911287
"default",40,29,6,10,394.8289463754855,190
"default",40,22,26,21,159.17247287263208,70
"default",42,42,37,26,171.95670802878334,80
"hurry",24,35,0,0,31.05877090195987,50
"default",40,18,24,35,242.00375481017872,120
"default",28,17,27,27,103.98954289461072,50
"default",24,17,27,32,155.7236805037507,80
"default",8,8,20,7,130.99963168860387,60
"default",40,8,30,17,163.0180236417025,70
"default",35,15,40,37,252.36448854500583,110
"default",1,1,23,25,331.04677362618605,160
"default",10,18,26,33,229.1869612081454,110
"default",28,24,49,30,222.18845947662325,110
"default",26,33,10,14,262.4030232705764,120
"default",40,24,16,24,242.74917078836592,120
"default",24,29,43,9,278.085963888959,140
"default",12,24,30,27,197.39307668665447,90
"normal",40,0,24,29,15.242940397846873,123.10410540628551
"default",32,15,12,24,242.77917553950942,110
"normal",10,10,24,26,15.74436932894373,34.62681654357767
"rich",20,30,40,12,16.45575164929303,4.42556591209399
"default",20,6,40,28,301.87900906049856,150
"default",22,27,40,10,250.71924838452782,120
"default",30,44,30,41,45.29006380063694,20
"default",11,20,24,23,137.42657726678377,70
"default",26,24,12,34,182.67292866211497,90
"default",30,29,42,11,221.51507689817882,110
"default",22,13,30,42,303.3343373397099,150
"default",27,15,29,29,148.15563878314694,70
"default",20,23,6,6,221.85877964617774,110
"default",16,20,30,40,247.88652921998346,120
"default",10,22,40,4,355.491525440844,170
"default",47,15,26,40,335.63925455721017,160
"default",10,28,22,24,136.02613066267728,60
"default",12,37,20,1,376.9320173117552,180
"default",20,22,34,40,238.15857497140695,110
"default",20,1,37,40,426.7960337966532,210
"default",20,14,25,22,95.50410073343068,50
"opportune",24,24,24,24,55.191546083374234,0.0
"default",18,39,5,35,138.31704700205066,70
"default",10,26,23,36,165.22013676171792,80
"default",19,24,29,31,126.78945422620303,60
"default",12,20,5,44,252.85697174546848,120
"default",22,32,20,29,51.8535620678983,20
"default",37,26,10,15,313.85514138800954,150
"default",40,1,46,4,70.78134081100785,30
"default",42,30,30,30,123.8673937489617,60
"default",30,23,27,24,38.19924895893825,20
"default",22,24,10,13,166.768707122121,80
"default",30,26,27,24,48.39697350240035,20
"rich",10,10,25,25,54.402782338274726,4.4632520759855
"default",10,36,2,2,365.4733400699992,170
"default",40,7,27,38,350.45808353568435,170
"default",7,35,8,42,75.64658554425431,40
"default",43,15,16,10,282.23687694590467,140
"hurry",24,24,20,0,23.060279020371116,50
"normal",24,35,25,23,22.71615682779931,52.32902100971701
"default",20,8,30,49,423.2237364275137,210
"default",11,36,20,8,297.9289432798789,150
"budget",24,15,0,0,314.62078786410046,566.0388679233962
"default",40,13,10,11,308.23388832363906,150
"budget",40,30,20,0,417.18138627179184,721.1102550927978
"default",47,2,10,32,487.76400164356454,240
"rich",10,35,24,26,30.51738878714186,5.027870719415198
"default",20,27,29,40,173.3670560093148,80
"default",38,15,40,14,27.429958174142605,10
"normal",20,20,28,28,17.798891013425518,35.38236594207552
"default",29,40,29,39,20.62214997297165,0
"default",46,4,1,1,454.97003131293815,230
"normal",24,24,24,27,21.505863044655875,2.834151051725709
"default",13,38,18,10,297.4487859323581,140
"default",40,39,15,33,269.3246887259376,130
"normal",0,10,27,27,44.14650900721709,47.83928167454132
"default",40,14,44,30,172.87254199591703,80
"hurry",40,15,20,0,17.053857067095205,50
"default",24,32,27,15,173.78082285032428,90
"default",23,34,40,1,395.74721152309917,190
"default",37,25,40,8,182.5054599295762,90
"default",40,37,20,14,320.13732750290563,150
"opportune",0,35,23,23,53.0772445382106,856.4120077465101
"default",30,43,40,1,442.6746011899655,220
"default",21,19,11,40,236.78072951849637,120
"default",30,23,30,20,39.70596210102141,20
"default",8,8,21,11,136.39039572369842,70
"default",24,17,20,38,214.74195465669433,110
"default",10,16,28,28,232.8549455556114,110
"default",18,40,27,20,225.50181338265725,110
"normal",20,20,30,26,40.392127400679904,27.44276827011333
"default",38,28,39,15,137.43450293226016,70
"default",26,21,13,20,141.50210908225102,70
"default",21,29,15,46,184.79463035390938,90
"default",35,40,43,43,102.9466343731738,40
"default",24,34,40,28,178.57099126832588,90
"default",4,45,24,22,325.7515367092786,150
"default",20,14,20,40,272.28726371631285,130
"default",27,38,3,3,448.51204588200005,210
"default",11,40,17,10,317.9940392753259,150
"default",30,25,10,18,226.92797462886753,110
"default",31,40,20,2,406.69253206040634,200
"default",38,27,13,38,294.81064574101583,140
"normal",15,40,26,26,20.74451048378561,74.05048312670694
"default",20,7,10,17,151.7861473013795,70
"budget",40,15,20,0,310.67843803584026,500.0
"default",34,20,23,14,133.69052911735733,60
"default",48,1,17,10,333.9423204007607,160
"default",30,23,48,15,201.2565113876241,100
"normal",24,24,30,25,33.438320211426216,5.7839279807916855
"default",24,26,28,32,87.15881496846715,40
"default",14,10,9,41,321.61436034205997,160
"default",10,13,30,20,224.70508181530374,110
"rich",30,15,21,37,43.57976287178613,10.053423897183897
"default",21,40,24,31,109.20192216813827,50
"default",5,5,16,24,230.50458699422722,110
"default",17,40,17,39,27.550849588593664,0
"default",40,34,14,40,271.1150115101775,130
"default",14,20,40,9,295.0306145063996,140
"default",26,21,12,37,226.27541688521043,110
"default",40,32,36,24,94.41866957676677,40
"default",22,27,10,20,156.35417416718667,70
"default",4,4,30,42,467.937903790245,230
"default",24,19,1,1,294.9035051242959,150
"default",32,17,40,11,116.78995758375729,50
"default",7,42,28,32,257.4860495626692,120
"default",20,2,24,28,283.0308478562537,130
"default",24,23,35,22,125.63689960691455,60
"default",40,28,21,31,199.8638458973689,100
"normal",30,15,28,24,44.2743622102439,35.95084739526042
"default",6,35,10,31,95.47450936777486,30
"default",28,28,18,10,209.7108909035296,100
"hurry",10,35,20,0,6.690137095962331,50
"default",48,15,17,10,324.3962251942412,160
"default",19,38,38,15,302.78318232563856,150
"default",15,46,8,35,137.3040598343062,70
"default",9,10,49,0,449.098116864241,210
"default",8,10,30,22,251.9713081539722,130
"normal",20,20,22,26,34.21741570117667,12.083711998405933
"default",48,48,30,24,307.3018548828005,150
"default",9,9,28,17,223.32169501592767,100
"default",20,11,30,30,226.11423227516454,110
"default",20,23,10,37,173.07915080309405,90
"normal",10,35,24,29,19.893952924858535,92.45025436061779
"normal",24,35,22,27,31.294600229523155,12.262406513875664
"opportune",40,0,26,26,0.4078302592090141,1183.7054148218858
"rich",15,40,25,25,57.75064849137657,6.057049249074554
"default",40,3,15,41,472.8253272660936,230
"default",33,18,33,19,24.644620385498072,0
"default",35,40,15,45,207.32498558289487,100
"default",13,40,16,33,81.07459078711396,40
"default",13,20,16,39,197.47717618983683,100
"default",13,34,37,25,257.1095469544855,130
"default",33,18,26,37,208.90011503578938,100
"hurry",10,35,20,0,6.623014225200171,50
"default",40,17,22,13,194.42063512339695,90
"default",25,23,20,14,106.21948632066406,50
"normal",24,24,30,27,31.535627744495336,9.709862539513104
"default",26,24,22,12,131.23749377716553,60
"hurry",10,10,0,0,18.137171391164443,50
"default",25,36,10,22,207.64124942627322,100
"default",6,6,20,30,278.9242502236929,140
"default",25,15,19,31,174.3622606331579,90
"default",10,28,45,6,420.20677951778237,210
"default",22,17,20,13,55.872931023846746,20
"default",40,8,45,6,65.67005392976203,30
"default",10,23,25,23,156.83927935614093,80
"default",12,24,21,21,110.11083442653414,50
"default",21,28,23,40,150.6873652167863,60
"default",21,11,10,22,162.0046841617602,80
"normal",30,15,26,26,19.162194464959498,84.04170652124976
"default",24,22,30,17,91.71585538781636,40
"default",20,5,35,40,383.36780420405347,190
"default",37,25,31,40,173.91985166935245,80
"default",30,26,22,12,182.65951946626976,80
"default",27,19,35,40,240.91645877312095,110
"default",17,40,19,10,309.95934508120064,150
"rich",24,35,28,24,45.833328862327846,2.2696581984958417
"default",28,38,28,38,2.6405925692791326,0
"default",40,10,5,10,361.71141518460445,180
"normal",49,15,26,26,35.13590376369707,108.71629010526827
"default",35,22,7,10,316.7665154088633,150
"default",46,46,29,16,350.7993546523125,170
"default",22,12,30,27,193.981695343477,80
"default",2,35,30,17,340.6089898862043,170
"default",34,15,10,26,277.17013177532056,130
"default",21,31,30,49,212.21376095146363,100
"default",1,1,26,21,329.1403651557473,160
"default",22,26,29,16,127.76635121762024,60
"default",8,35,10,17,185.06719774913978,90
"default",24,16,19,20,69.08134791957036,30
"default",24,17,10,16,148.64048537267624,70
"default",41,41,10,18,392.4567262967983,190
"default",10,19,0,0,220.3467940979715,110
"default",20,21,14,40,208.7211450706997,100
"default",17,10,20,25,159.72192927948575,80
"normal",24,24,28,24,31.595251405395626,22.153758267132627
"default",26,33,40,1,351.6051991916052,170
"default",10,18,20,40,248.30114374516694,120
"default",40,29,15,33,254.41307207717043,130
"default",16,10,29,31,249.86943648117875,120
"default",23,40,15,47,116.52881455781805,50
"default",40,39,40,15,249.19634523769204,120
"default",40,20,40,10,111.11807153329408,50
"default",10,14,10,39,265.61136137949455,120
"default",12,34,21,37,103.0358921709715,50
"default",24,40,10,13,314.92591886414243,150
"default",16,24,24,26,96.03628248616336,40
"default",10,25,10,30,58.79169704235615,20
"default",23,23,10,13,176.7562152610557,80
"default",46,15,23,40,357.33858686470853,170
"normal",15,40,27,27,20.617134208219426,62.796082552254276
"default",34,21,25,24,100.50533979393742,50
"default",26,40,33,18,238.0874373569008,120
"default",40,21,49,49,308.13019367190043,150
"normal",20,30,24,27,25.64069449730801,10.61696575420503
"normal",24,24,21,24,21.98847344182574,8.009765202993584
"default",19,31,23,23,96.82068048681381,40
"default",40,22,42,11,128.88231699396232,60
"default",44,44,23,14,375.998697077246,180
"default",4,4,10,32,294.5414460734085,140
"normal",24,35,26,26,12.186415510591456,58.38000990947266
"budget",24,15,0,0,346.43420276829295,566.0388679233962
